duration,
10752197726,
10861939825,
10756342598,
10757645424,
10753101890,
10717651888,
10671977640,
10698130902,
10834192074,
10734904824,
10718185784,
10758721602,
10829840515,
10810667842,
10814612047,
10785778424,
10770382377,
10679488474,
10658548542,
10896597506,
10763595829,
10716111422,
10663245582,
10672938748,
10751747667,
10662048722,
10704056538,
10710808972,
10691975004,
10758810544,
10711495226,
10729221673,
10655246981,
10675784618,
10685617484,
10666846318,
10646403269,
10686331318,
10850997599,
10671814723,
10700248346,
10768744271,
10750270914,
10693725391,
10667714245,
10696426646,
10718061095,
10781521701,
10672362513,
10828988104,
10800540286,
10764182904,
10825645978,
10709991781,
10745301840,
10715914192,
10726290058,
10856138467,
10757416516,
10673294753,
10867503405,
10675651780,
10716159491,
10738087642,
10821284390,
10762315241,
10759964024,
10833292547,
10793695402,
10696737726,
10727818697,
10729978846,
10640956358,
10630241818,
10671176748,
10660725406,
10718877486,
10724944995,
10627095875,
10684430911,
10614427870,
10666600545,
10678696317,
10644878474,
10727126762,
10690605681,
10660661736,
10685498199,
10671663138,
10622611061,
10677626909,
10638246449,
10629898843,
10643567022,
10641255170,
10659917053,
10639309991,
10680713949,
10667462756,
10694362873,
